﻿Name,Lightweight,Files
Release Date,https://twitter.com/hackthebox_eu/status/1071124483384082432,
Retire Date,11 May 2019,
OS,Linux,https://0xdf.gitlab.io/icons/Linux.png
Base Points,Medium [30],
Rated Difficulty,,https://0xdf.gitlab.io/img/lightweight-diff.png
Radar Graph,,https://0xdf.gitlab.io/img/lightweight-radar.png
,"00 days, 01 hours, 00 mins, 34 seconds","https://0xdf.gitlab.io/icons/first-blood-user.png, https://www.hackthebox.eu/badge/image/73696"
,"00 days, 03 hours, 44 mins, 48 seconds","https://0xdf.gitlab.io/icons/first-blood-root.png, https://www.hackthebox.eu/badge/image/1183"
Creator,,https://www.hackthebox.eu/badge/image/13340