﻿Name,Laser,Files
Release Date,https://twitter.com/hackthebox_eu/status/1291410874155044864,
Retire Date,19 Dec 2020,
OS,Linux,https://0xdf.gitlab.io/icons/Linux.png
Base Points,Insane [50],
Rated Difficulty,,https://0xdf.gitlab.io/img/laser-diff.png
Radar Graph,,https://0xdf.gitlab.io/img/laser-radar.png
,"00 days, 00 hours, 04 mins, 04 seconds","https://0xdf.gitlab.io/icons/first-blood-user.png, https://www.hackthebox.eu/badge/image/52045"
,"00 days, 23 hours, 18 mins, 35 seconds","https://0xdf.gitlab.io/icons/first-blood-root.png, https://www.hackthebox.eu/badge/image/119497"
Creators,,"https://www.hackthebox.eu/badge/image/13531, https://www.hackthebox.eu/badge/image/13243"